,open,high,low,close,data_magnitude
open,1.0,0.9995414639387189,0.9995313494660424,0.9992983611046202,0.9997859170366007
high,0.9995414639387189,1.0,0.9992565558296085,0.9996780459231364,0.9998185935555106
low,0.9995313494660424,0.9992565558296085,1.0,0.9996132370541567,0.9997850843153199
close,0.9992983611046202,0.9996780459231364,0.9996132370541567,1.0,0.999839665683033
data_magnitude,0.9997859170366007,0.9998185935555106,0.9997850843153199,0.999839665683033,1.0
